offset	415-530 fragment	415-530 precursor	530-645 fragment	530-645 precursor	645-760 fragment	645-760 precursor	760-875 fragment	760-875 precursor
-14.0000	0.0065	0.0025	0.0069	0.0021	0.0068	0.0029	0.0093	0.0030
-13.7500	0.0089	0.0034	0.0100	0.0026	0.0091	0.0035	0.0109	0.0032
-13.5000	0.0139	0.0041	0.0134	0.0030	0.0108	0.0043	0.0150	0.0037
-13.2500	0.0145	0.0038	0.0151	0.0030	0.0118	0.0039	0.0176	0.0036
-13.0000	0.0174	0.0045	0.0150	0.0029	0.0122	0.0042	0.0163	0.0040
-12.7500	0.0177	0.0048	0.0152	0.0026	0.0116	0.0042	0.0162	0.0031
-12.5000	0.0182	0.0047	0.0162	0.0030	0.0126	0.0045	0.0167	0.0037
-12.2500	0.0181	0.0044	0.0163	0.0030	0.0133	0.0043	0.0193	0.0044
-12.0000	0.0198	0.0045	0.0168	0.0033	0.0131	0.0049	0.0175	0.0039
-11.7500	0.0212	0.0043	0.0173	0.0033	0.0143	0.0047	0.0173	0.0043
-11.5000	0.0214	0.0035	0.0181	0.0044	0.0152	0.0045	0.0169	0.0041
-11.2500	0.0266	0.0036	0.0185	0.0039	0.0166	0.0047	0.0181	0.0043
-11.0000	0.0253	0.0036	0.0186	0.0040	0.0167	0.0048	0.0227	0.0031
-10.7500	0.0304	0.0037	0.0198	0.0043	0.0166	0.0047	0.0232	0.0032
-10.5000	0.0258	0.0039	0.0204	0.0045	0.0177	0.0049	0.0234	0.0030
-10.2500	0.0277	0.0043	0.0226	0.0054	0.0220	0.0059	0.0247	0.0033
-10.0000	0.0275	0.0049	0.0255	0.0076	0.0233	0.0073	0.0332	0.0063
-9.7500	0.0319	0.0072	0.0319	0.0133	0.0301	0.0103	0.0337	0.0134
-9.5000	0.0380	0.0161	0.0412	0.0220	0.0376	0.0201	0.0391	0.0241
-9.2500	0.0495	0.0320	0.0540	0.0362	0.0517	0.0309	0.0527	0.0392
-9.0000	0.0637	0.0440	0.0737	0.0552	0.0675	0.0482	0.0741	0.0692
-8.7500	0.0813	0.0598	0.0988	0.0806	0.0872	0.0726	0.0951	0.0951
-8.5000	0.1038	0.0800	0.1277	0.1030	0.1108	0.0998	0.1169	0.1268
-8.2500	0.1323	0.1092	0.1514	0.1332	0.1359	0.1274	0.1411	0.1613
-8.0000	0.1598	0.1495	0.1815	0.1665	0.1683	0.1587	0.1690	0.1861
-7.7500	0.1921	0.1797	0.2161	0.2013	0.1950	0.1908	0.2020	0.2279
-7.5000	0.2205	0.2110	0.2465	0.2455	0.2283	0.2205	0.2424	0.2548
-7.2500	0.2585	0.2466	0.2768	0.2811	0.2585	0.2531	0.2688	0.2893
-7.0000	0.2818	0.3054	0.3108	0.3171	0.2909	0.2790	0.2975	0.3263
-6.7500	0.3191	0.3242	0.3453	0.3559	0.3272	0.3073	0.3346	0.3729
-6.5000	0.3526	0.3554	0.3763	0.3990	0.3566	0.3379	0.3617	0.4025
-6.2500	0.3882	0.3860	0.4080	0.4277	0.3841	0.3735	0.3946	0.4430
-6.0000	0.4208	0.4248	0.4478	0.4663	0.4190	0.3991	0.4229	0.4788
-5.7500	0.4524	0.5278	0.4830	0.5020	0.4603	0.4272	0.4628	0.5060
-5.5000	0.4896	0.5768	0.5157	0.5405	0.4917	0.4594	0.4999	0.5475
-5.2500	0.5250	0.6067	0.5481	0.5853	0.5260	0.4909	0.5324	0.5689
-5.0000	0.5617	0.6483	0.5825	0.6175	0.5553	0.5236	0.5556	0.6179
-4.7500	0.5948	0.6861	0.6116	0.6485	0.5819	0.5611	0.6017	0.6487
-4.5000	0.6275	0.6111	0.6506	0.6802	0.6178	0.5948	0.6379	0.6704
-4.2500	0.6626	0.6311	0.6831	0.7156	0.6461	0.6254	0.6725	0.7222
-4.0000	0.6948	0.6722	0.7152	0.7487	0.6799	0.6638	0.7034	0.7580
-3.7500	0.7327	0.7105	0.7500	0.7764	0.7149	0.7027	0.7268	0.7992
-3.5000	0.7612	0.7265	0.7745	0.8129	0.7527	0.7141	0.7602	0.8238
-3.2500	0.7954	0.7924	0.8030	0.8492	0.7856	0.7539	0.7949	0.8567
-3.0000	0.8268	0.8253	0.8397	0.8759	0.8196	0.8031	0.8207	0.8993
-2.7500	0.8573	0.8544	0.8695	0.8871	0.8439	0.8370	0.8552	0.9264
-2.5000	0.8901	0.8912	0.8952	0.9209	0.8788	0.8600	0.8800	0.9354
-2.2500	0.9114	0.9159	0.9267	0.9447	0.9059	0.9003	0.9010	0.9451
-2.0000	0.9440	0.9379	0.9422	0.9614	0.9257	0.9241	0.9202	0.9809
-1.7500	0.9596	0.9615	0.9554	0.9721	0.9401	0.9525	0.9387	0.9670
-1.5000	0.9728	0.9828	0.9690	0.9818	0.9622	0.9536	0.9469	0.9939
-1.2500	0.9728	0.9933	0.9789	0.9794	0.9675	0.9489	0.9632	0.9919
-1.0000	0.9884	0.9914	0.9894	0.9883	0.9644	0.9636	0.9694	1.0000
-0.7500	0.9928	0.9801	0.9909	0.9875	0.9694	0.9746	0.9817	0.9841
-0.5000	0.9988	0.9844	0.9950	0.9878	0.9694	0.9554	0.9730	0.9607
-0.2500	1.0000	0.9900	0.9928	0.9852	0.9694	0.9631	0.9786	0.9453
0.0000	0.9976	0.9832	0.9990	0.9962	0.9729	0.9919	0.9799	0.9659
0.2500	0.9990	1.0000	0.9954	0.9960	0.9922	1.0000	0.9963	0.9856
0.5000	0.9904	0.9893	1.0000	1.0000	0.9849	0.9934	0.9789	0.9960
0.7500	0.9856	0.9807	0.9976	0.9831	0.9941	0.9861	0.9794	0.9946
1.0000	0.9766	0.9794	0.9949	0.9846	0.9981	0.9767	0.9862	0.9814
1.2500	0.9725	0.9569	0.9878	0.9820	1.0000	0.9351	1.0000	0.9533
1.5000	0.9580	0.9356	0.9808	0.9622	0.9875	0.9326	0.9877	0.9463
1.7500	0.9401	0.9217	0.9641	0.9470	0.9850	0.9170	0.9829	0.9015
2.0000	0.9188	0.8966	0.9441	0.9449	0.9602	0.8899	0.9606	0.8674
2.2500	0.8824	0.8626	0.9209	0.9203	0.9528	0.8579	0.9454	0.8440
2.5000	0.8621	0.8391	0.8916	0.9030	0.9334	0.8631	0.9228	0.8135
2.7500	0.8293	0.8239	0.8634	0.8718	0.9012	0.8245	0.8966	0.7589
3.0000	0.8001	0.8073	0.8327	0.8381	0.8740	0.7936	0.8661	0.7452
3.2500	0.7652	0.7759	0.8045	0.8092	0.8517	0.7740	0.8541	0.6996
3.5000	0.7434	0.7432	0.7721	0.7854	0.8109	0.7471	0.8219	0.6702
3.7500	0.7090	0.7126	0.7383	0.7345	0.7646	0.7061	0.7843	0.6517
4.0000	0.6722	0.6694	0.6984	0.7011	0.7314	0.6627	0.7408	0.5965
4.2500	0.6393	0.6338	0.6703	0.6520	0.7000	0.6313	0.7116	0.5590
4.5000	0.6047	0.6069	0.6337	0.6216	0.6607	0.5965	0.6799	0.5259
4.7500	0.5716	0.5695	0.6013	0.5866	0.6326	0.5857	0.6459	0.4944
5.0000	0.5360	0.5296	0.5695	0.5501	0.6020	0.5536	0.6114	0.4607
5.2500	0.4995	0.5114	0.5364	0.5303	0.5778	0.5189	0.5851	0.4337
5.5000	0.4670	0.4771	0.5037	0.5102	0.5362	0.5017	0.5545	0.4243
5.7500	0.4299	0.4427	0.4656	0.4715	0.5090	0.4740	0.5237	0.4099
6.0000	0.4063	0.4224	0.4298	0.4334	0.4715	0.4536	0.4828	0.3765
6.2500	0.3637	0.3943	0.3949	0.3995	0.4426	0.4183	0.4481	0.3295
6.5000	0.3335	0.3660	0.3639	0.3658	0.4087	0.3918	0.4164	0.3230
6.7500	0.3002	0.3321	0.3288	0.3414	0.3807	0.3528	0.3863	0.2813
7.0000	0.2690	0.2959	0.2977	0.3090	0.3464	0.3310	0.3566	0.2544
7.2500	0.2321	0.2559	0.2657	0.2733	0.3071	0.2798	0.3235	0.2199
7.5000	0.1998	0.2362	0.2338	0.2424	0.2726	0.2461	0.2869	0.1927
7.7500	0.1673	0.2131	0.1984	0.2092	0.2419	0.2154	0.2572	0.1579
8.0000	0.1356	0.1946	0.1659	0.1801	0.2089	0.1787	0.2271	0.1218
8.2500	0.1099	0.1671	0.1375	0.1467	0.1778	0.1468	0.1852	0.1017
8.5000	0.0844	0.1400	0.1102	0.1228	0.1468	0.1155	0.1521	0.0763
8.7500	0.0664	0.1261	0.0852	0.1029	0.1213	0.0922	0.1203	0.0503
9.0000	0.0539	0.1087	0.0690	0.0789	0.0933	0.0746	0.0950	0.0385
9.2500	0.0447	0.0851	0.0540	0.0615	0.0761	0.0587	0.0753	0.0299
9.5000	0.0388	0.0777	0.0466	0.0517	0.0677	0.0448	0.0615	0.0236
9.7500	0.0328	0.0777	0.0409	0.0436	0.0581	0.0384	0.0519	0.0201
10.0000	0.0303	0.0723	0.0360	0.0377	0.0528	0.0336	0.0550	0.0187
10.2500	0.0319	0.0627	0.0327	0.0352	0.0510	0.0301	0.0474	0.0201
10.5000	0.0280	0.0559	0.0331	0.0310	0.0428	0.0267	0.0406	0.0207
10.7500	0.0251	0.0510	0.0288	0.0289	0.0342	0.0256	0.0374	0.0208
11.0000	0.0236	0.0475	0.0281	0.0252	0.0325	0.0210	0.0364	0.0183
11.2500	0.0218	0.0396	0.0277	0.0238	0.0314	0.0201	0.0334	0.0197
11.5000	0.0202	0.0366	0.0245	0.0228	0.0301	0.0191	0.0320	0.0175
11.7500	0.0204	0.0321	0.0241	0.0208	0.0302	0.0202	0.0288	0.0169
12.0000	0.0187	0.0318	0.0228	0.0213	0.0263	0.0180	0.0288	0.0163
12.2500	0.0172	0.0312	0.0220	0.0203	0.0260	0.0184	0.0283	0.0163
12.5000	0.0161	0.0284	0.0208	0.0197	0.0264	0.0177	0.0218	0.0159
12.7500	0.0149	0.0230	0.0199	0.0207	0.0244	0.0174	0.0222	0.0137
13.0000	0.0150	0.0215	0.0191	0.0183	0.0221	0.0190	0.0215	0.0139
13.2500	0.0147	0.0206	0.0188	0.0166	0.0200	0.0164	0.0206	0.0132
13.5000	0.0142	0.0214	0.0188	0.0156	0.0202	0.0161	0.0202	0.0140
13.7500	0.0126	0.0163	0.0133	0.0126	0.0151	0.0135	0.0157	0.0106
14.0000	0.0084	0.0103	0.0104	0.0072	0.0093	0.0113	0.0079	0.0081
