offset	all (n=10168)	low (405-565) (n=5990)	mid (565-725) (n=3332)	high (725-885) (n=846)
-20.00	0.0000	0.0000	0.0000	0.0000
-19.75	0.0000	0.0000	0.0000	0.0000
-19.50	0.0000	0.0000	0.0000	0.0000
-19.25	0.0000	0.0000	0.0000	0.0000
-19.00	0.0000	0.0000	0.0000	0.0000
-18.75	0.0000	0.0000	0.0000	0.0000
-18.50	0.0000	0.0000	0.0000	0.0000
-18.25	0.0000	0.0000	0.0000	0.0000
-18.00	0.0000	0.0000	0.0000	0.0000
-17.75	0.0000	0.0000	0.0000	0.0000
-17.50	0.0000	0.0000	0.0000	0.0000
-17.25	0.0000	0.0000	0.0000	0.0000
-17.00	0.0000	0.0000	0.0000	0.0000
-16.75	0.0000	0.0000	0.0000	0.0000
-16.50	0.0000	0.0000	0.0000	0.0000
-16.25	0.0000	0.0000	0.0000	0.0000
-16.00	0.0000	0.0000	0.0000	0.0000
-15.75	0.0000	0.0000	0.0000	0.0000
-15.50	0.0000	0.0000	0.0000	0.0000
-15.25	0.0000	0.0000	0.0000	0.0000
-15.00	0.0000	0.0000	0.0000	0.0000
-14.75	0.0000	0.0000	0.0000	0.0000
-14.50	0.0000	0.0000	0.0000	0.0000
-14.25	0.0000	0.0000	0.0000	0.0000
-14.00	0.0000	0.0000	0.0000	0.0000
-13.75	0.0000	0.0000	0.0000	0.0000
-13.50	0.0000	0.0000	0.0000	0.0000
-13.25	0.0000	0.0000	0.0000	0.0000
-13.00	0.0000	0.0000	0.0000	0.0000
-12.75	0.0000	0.0000	0.0000	0.0000
-12.50	0.0000	0.0000	0.0000	0.0000
-12.25	0.0000	0.0000	0.0000	0.0000
-12.00	0.0000	0.0000	0.0000	0.0000
-11.75	0.0000	0.0000	0.0000	0.0000
-11.50	0.0000	0.0000	0.0000	0.0000
-11.25	0.0000	0.0000	0.0000	0.0000
-11.00	0.0000	0.0000	0.0000	0.0000
-10.75	0.0000	0.0000	0.0000	0.0000
-10.50	0.0000	0.0000	0.0000	0.0000
-10.25	0.0000	0.0000	0.0000	0.0000
-10.00	0.0000	0.0000	0.0000	0.0000
-9.75	0.0000	0.0000	0.0033	0.0000
-9.50	0.0010	0.0000	0.0063	0.0115
-9.25	0.0123	0.0080	0.0213	0.0187
-9.00	0.0282	0.0232	0.0387	0.0404
-8.75	0.0447	0.0369	0.0587	0.0522
-8.50	0.0612	0.0531	0.0797	0.0657
-8.25	0.0849	0.0763	0.0949	0.1138
-8.00	0.1175	0.1066	0.1355	0.1384
-7.75	0.1487	0.1392	0.1634	0.1686
-7.50	0.1736	0.1608	0.1976	0.1882
-7.25	0.1958	0.1900	0.2000	0.2295
-7.00	0.2213	0.2028	0.2519	0.2411
-6.75	0.2753	0.2657	0.2808	0.3059
-6.50	0.3044	0.2947	0.3199	0.3315
-6.25	0.3298	0.3123	0.3600	0.3529
-6.00	0.3417	0.3333	0.3484	0.3826
-5.75	0.3869	0.3630	0.4170	0.4200
-5.50	0.4409	0.4362	0.4485	0.4648
-5.25	0.4684	0.4599	0.4836	0.4969
-5.00	0.4896	0.4758	0.5100	0.4952
-4.75	0.4933	0.4852	0.5071	0.5324
-4.50	0.5584	0.5381	0.5827	0.5752
-4.25	0.6055	0.5980	0.6168	0.6114
-4.00	0.6355	0.6234	0.6553	0.6559
-3.75	0.6328	0.6141	0.6634	0.6468
-3.50	0.6664	0.6533	0.6910	0.6791
-3.25	0.7390	0.7325	0.7427	0.7773
-3.00	0.7750	0.7683	0.7932	0.7610
-2.75	0.7902	0.7706	0.8130	0.7988
-2.50	0.7899	0.7912	0.7804	0.8099
-2.25	0.8440	0.8248	0.8713	0.8582
-2.00	0.8878	0.8920	0.8772	0.8933
-1.75	0.9042	0.9026	0.9042	0.9246
-1.50	0.8969	0.8851	0.9144	0.8843
-1.25	0.8931	0.9021	0.8677	0.8972
-1.00	0.9140	0.9091	0.9154	0.9240
-0.75	0.9315	0.9392	0.9248	0.8832
-0.50	0.9267	0.9295	0.9300	0.8937
-0.25	0.9096	0.9163	0.9098	0.8495
0.00	0.8894	0.8985	0.8790	0.8848
0.25	0.9108	0.9132	0.9128	0.8750
0.50	0.9192	0.9257	0.9196	0.8793
0.75	0.9258	0.9350	0.9167	0.8890
1.00	0.8697	0.8736	0.8639	0.8774
1.25	0.8924	0.8964	0.8961	0.8484
1.50	0.8921	0.8953	0.8864	0.8818
1.75	0.8989	0.9012	0.9003	0.8481
2.00	0.8575	0.8451	0.8767	0.8427
2.25	0.7939	0.7937	0.7967	0.7875
2.50	0.7996	0.7821	0.8252	0.7742
2.75	0.7798	0.7761	0.7984	0.7570
3.00	0.7484	0.7443	0.7675	0.7172
3.25	0.7049	0.6873	0.7367	0.6612
3.50	0.6559	0.6496	0.6635	0.6659
3.75	0.6384	0.6289	0.6666	0.6061
4.00	0.6303	0.6251	0.6478	0.6195
4.25	0.5957	0.5868	0.6213	0.5512
4.50	0.5368	0.5198	0.5791	0.5256
4.75	0.5018	0.5012	0.5105	0.4848
5.00	0.4834	0.4686	0.5130	0.4700
5.25	0.4714	0.4619	0.4968	0.4660
5.50	0.4322	0.4176	0.4628	0.4269
5.75	0.3815	0.3808	0.3881	0.3727
6.00	0.3537	0.3306	0.3931	0.3210
6.25	0.3440	0.3347	0.3604	0.3353
6.50	0.3103	0.2997	0.3439	0.3071
6.75	0.2758	0.2656	0.3035	0.2631
7.00	0.2287	0.2131	0.2568	0.2280
7.25	0.2097	0.1925	0.2378	0.1949
7.50	0.1909	0.1814	0.2126	0.1797
7.75	0.1571	0.1462	0.1852	0.1524
8.00	0.1324	0.1220	0.1558	0.1183
8.25	0.0967	0.0879	0.1139	0.0913
8.50	0.0832	0.0775	0.0952	0.0679
8.75	0.0570	0.0494	0.0767	0.0407
9.00	0.0379	0.0313	0.0517	0.0261
9.25	0.0326	0.0284	0.0387	0.0179
9.50	0.0194	0.0197	0.0210	0.0118
9.75	0.0154	0.0140	0.0180	0.0045
10.00	0.0117	0.0117	0.0135	0.0044
10.25	0.0061	0.0058	0.0073	0.0021
10.50	0.0055	0.0072	0.0036	0.0045
10.75	0.0029	0.0024	0.0040	0.0015
11.00	0.0029	0.0043	0.0024	0.0015
11.25	0.0025	0.0026	0.0025	0.0013
11.50	0.0015	0.0024	0.0008	0.0000
11.75	0.0009	0.0012	0.0000	0.0023
12.00	0.0013	0.0022	0.0005	0.0009
12.25	0.0007	0.0000	0.0010	0.0014
12.50	0.0011	0.0016	0.0009	0.0004
12.75	0.0004	0.0005	0.0000	0.0004
13.00	0.0003	0.0006	0.0000	0.0013
13.25	0.0008	0.0014	0.0000	0.0010
13.50	0.0004	0.0000	0.0010	0.0004
13.75	0.0003	0.0014	0.0000	0.0000
14.00	0.0009	0.0016	0.0004	0.0000
14.25	0.0000	0.0000	0.0000	0.0005
14.50	0.0000	0.0000	0.0004	0.0000
14.75	0.0007	0.0011	0.0004	0.0001
15.00	0.0000	0.0000	0.0000	0.0000
15.25	0.0003	0.0001	0.0005	0.0000
15.50	0.0000	0.0000	0.0000	0.0014
15.75	0.0000	0.0000	0.0000	0.0000
16.00	0.0000	0.0005	0.0000	0.0000
16.25	0.0000	0.0000	0.0000	0.0000
16.50	0.0003	0.0003	0.0000	0.0009
16.75	0.0000	0.0000	0.0000	0.0000
17.00	0.0000	0.0000	0.0000	0.0006
17.25	0.0000	0.0000	0.0000	0.0000
17.50	0.0006	0.0009	0.0000	0.0000
17.75	0.0000	0.0000	0.0000	0.0000
18.00	0.0000	0.0000	0.0000	0.0007
18.25	0.0000	0.0000	0.0000	0.0000
18.50	0.0005	0.0012	0.0000	0.0000
18.75	0.0000	0.0008	0.0000	0.0000
19.00	0.0000	0.0000	0.0000	0.0000
19.25	0.0000	0.0000	0.0000	0.0006
19.50	0.0000	0.0005	0.0000	0.0000
19.75	0.0000	0.0000	0.0000	0.0000
20.00	0.0000	0.0000	0.0000	0.0000
